{
  "timestamp": 1781159383.106439,
  "quality_signal": 0.6144156489104536,
  "coupling_score": 0.25882352941176473,
  "cycle_count": 0,
  "god_file_count": 0,
  "hotspot_count": 0,
  "complex_fn_count": 1,
  "max_depth": 6,
  "total_import_edges": 85,
  "cross_module_edges": 68
}